ip_address,timestamp,endpoint,response_code,user_agent
87.223.243.247,2025-08-05 12:27:50,/dashboard,200,curl/7.68.0
54.170.129.160,2025-08-05 12:25:07,/login,200,curl/7.68.0
100.42.125.134,2025-08-05 12:08:25,/search,404,Mozilla/5.0
170.130.138.144,2025-08-05 12:27:44,/settings,500,python-requests/2.25.1
64.35.194.81,2025-08-05 12:51:19,/search,200,Go-http-client/1.1
72.57.255.210,2025-08-05 12:23:43,/login,404,nmap
88.187.37.121,2025-08-05 12:24:49,/admin,500,Mozilla/5.0
192.3.135.235,2025-08-05 12:40:46,/contact,200,Mozilla/5.0 (Linux; Android 10)
186.62.58.116,2025-08-05 12:37:52,/home,200,Mozilla/5.0 (Linux; Android 10)
99.11.21.122,2025-08-05 12:35:20,/dashboard,200,Mozilla/5.0
195.140.28.95,2025-08-05 12:33:03,/settings,200,Mozilla/5.0 (Linux; Android 10)
96.115.123.180,2025-08-05 12:52:37,/search,200,curl/7.68.0
104.163.13.157,2025-08-05 12:05:34,/contact,200,Mozilla/5.0
104.70.217.100,2025-08-05 12:45:49,/settings,403,nmap
104.109.113.99,2025-08-05 12:42:46,/contact,200,python-requests/2.25.1
92.147.48.147,2025-08-05 12:26:25,/search,200,nmap
69.35.101.182,2025-08-05 12:23:12,/settings,404,Go-http-client/1.1
116.65.188.36,2025-08-05 12:07:20,/login,200,python-requests/2.25.1
107.17.229.73,2025-08-05 12:01:36,/settings,200,nmap
214.117.130.18,2025-08-05 12:48:50,/profile,403,curl/7.68.0
22.201.81.219,2025-08-05 12:05:53,/search,404,curl/7.68.0
194.24.90.19,2025-08-05 12:26:28,/settings,404,Mozilla/5.0 (Linux; Android 10)
198.41.66.59,2025-08-05 12:24:25,/contact,200,Mozilla/5.0 (Linux; Android 10)
58.136.249.228,2025-08-05 12:04:34,/home,200,curl/7.68.0
194.81.215.17,2025-08-05 12:51:03,/contact,200,Mozilla/5.0
52.245.227.239,2025-08-05 12:01:28,/profile,403,Mozilla/5.0 (Linux; Android 10)
121.90.172.101,2025-08-05 12:05:06,/dashboard,500,Mozilla/5.0 (Linux; Android 10)
95.162.242.83,2025-08-05 12:50:43,/settings,200,Go-http-client/1.1
163.252.108.248,2025-08-05 12:41:13,/settings,403,Mozilla/5.0 (Linux; Android 10)
25.171.184.126,2025-08-05 12:02:06,/dashboard,200,curl/7.68.0
12.100.178.192,2025-08-05 12:21:20,/home,200,Mozilla/5.0 (Linux; Android 10)
58.64.158.155,2025-08-05 12:33:24,/dashboard,200,python-requests/2.25.1
16.60.105.25,2025-08-05 12:33:39,/home,200,python-requests/2.25.1
188.106.161.211,2025-08-05 12:46:37,/contact,200,Go-http-client/1.1
161.34.187.11,2025-08-05 12:17:46,/contact,200,Mozilla/5.0 (Linux; Android 10)
52.29.178.42,2025-08-05 12:42:06,/contact,200,Go-http-client/1.1
55.181.253.233,2025-08-05 12:31:34,/contact,403,curl/7.68.0
211.121.224.130,2025-08-05 12:32:42,/admin,200,Mozilla/5.0 (Linux; Android 10)
94.100.110.113,2025-08-05 12:18:42,/admin,500,Go-http-client/1.1
198.140.200.76,2025-08-05 12:12:16,/home,200,nmap
104.140.5.164,2025-08-05 12:41:16,/search,404,curl/7.68.0
11.32.171.45,2025-08-05 12:54:52,/search,200,Mozilla/5.0 (Linux; Android 10)
75.33.159.132,2025-08-05 12:08:43,/dashboard,404,nmap
123.49.244.221,2025-08-05 12:15:09,/contact,403,Mozilla/5.0
58.101.24.165,2025-08-05 12:27:17,/settings,500,Mozilla/5.0
206.93.146.90,2025-08-05 12:23:25,/contact,403,nmap
166.180.248.194,2025-08-05 12:58:11,/search,200,Go-http-client/1.1
56.113.78.135,2025-08-05 12:23:52,/settings,200,Mozilla/5.0
19.65.18.211,2025-08-05 12:17:52,/contact,500,Mozilla/5.0
170.208.230.51,2025-08-05 12:08:48,/settings,500,python-requests/2.25.1
53.140.115.98,2025-08-05 12:47:50,/login,404,nmap
205.255.150.144,2025-08-05 12:35:31,/login,200,Go-http-client/1.1
77.42.54.176,2025-08-05 12:16:11,/settings,200,Mozilla/5.0
30.64.173.23,2025-08-05 12:18:17,/dashboard,500,Mozilla/5.0 (Linux; Android 10)
65.235.3.210,2025-08-05 12:23:45,/home,200,nmap
210.40.58.107,2025-08-05 12:29:18,/login,200,Mozilla/5.0 (Linux; Android 10)
206.232.226.203,2025-08-05 12:12:02,/dashboard,403,python-requests/2.25.1
150.85.160.108,2025-08-05 12:44:37,/login,200,python-requests/2.25.1
127.44.137.185,2025-08-05 12:31:49,/admin,200,Go-http-client/1.1
102.197.5.173,2025-08-05 12:56:57,/settings,200,python-requests/2.25.1
103.0.43.155,2025-08-05 12:12:22,/contact,200,Mozilla/5.0
96.94.189.237,2025-08-05 12:30:06,/profile,200,curl/7.68.0
25.134.189.249,2025-08-05 12:56:21,/admin,404,Mozilla/5.0
189.39.182.38,2025-08-05 12:10:38,/login,200,python-requests/2.25.1
96.168.122.197,2025-08-05 12:44:48,/login,500,python-requests/2.25.1
88.116.111.130,2025-08-05 12:10:21,/profile,500,Go-http-client/1.1
142.180.134.146,2025-08-05 12:00:12,/admin,200,curl/7.68.0
109.160.116.178,2025-08-05 12:14:46,/admin,404,Mozilla/5.0 (Linux; Android 10)
173.41.242.55,2025-08-05 12:48:37,/contact,200,Mozilla/5.0 (Linux; Android 10)
192.84.212.17,2025-08-05 12:42:30,/home,200,nmap
150.53.253.23,2025-08-05 12:47:31,/search,500,Mozilla/5.0
156.214.106.62,2025-08-05 12:40:09,/search,500,Mozilla/5.0 (Linux; Android 10)
220.48.229.217,2025-08-05 12:14:02,/contact,200,curl/7.68.0
32.11.238.7,2025-08-05 12:55:23,/search,500,python-requests/2.25.1
71.58.230.131,2025-08-05 12:32:20,/search,500,nmap
18.129.109.216,2025-08-05 12:09:02,/search,403,python-requests/2.25.1
56.108.111.21,2025-08-05 12:47:28,/home,200,nmap
166.96.134.74,2025-08-05 12:11:15,/contact,200,curl/7.68.0
44.17.242.161,2025-08-05 12:02:51,/admin,200,Go-http-client/1.1
198.33.195.252,2025-08-05 12:03:06,/settings,200,Mozilla/5.0 (Linux; Android 10)
155.70.184.23,2025-08-05 12:32:29,/login,200,Mozilla/5.0
34.212.238.193,2025-08-05 12:42:28,/login,200,Go-http-client/1.1
83.98.79.122,2025-08-05 12:55:54,/admin,200,nmap
144.63.129.231,2025-08-05 12:21:59,/search,200,Mozilla/5.0
115.51.13.64,2025-08-05 12:25:46,/contact,200,python-requests/2.25.1
20.57.173.157,2025-08-05 12:25:32,/search,200,nmap
14.135.148.22,2025-08-05 12:58:17,/search,200,curl/7.68.0
208.161.61.241,2025-08-05 12:34:06,/search,200,nmap
121.5.123.230,2025-08-05 12:58:32,/dashboard,200,python-requests/2.25.1
174.38.170.118,2025-08-05 12:06:47,/dashboard,500,curl/7.68.0
179.201.217.45,2025-08-05 12:27:54,/login,200,nmap
34.195.234.35,2025-08-05 12:31:17,/profile,200,Mozilla/5.0 (Linux; Android 10)
202.93.93.250,2025-08-05 12:56:15,/login,200,Mozilla/5.0
108.23.76.201,2025-08-05 12:48:30,/home,403,Mozilla/5.0
47.147.143.112,2025-08-05 12:58:15,/profile,403,Go-http-client/1.1
65.16.95.190,2025-08-05 12:24:16,/contact,200,nmap
192.168.92.243,2025-08-05 12:04:19,/search,500,Mozilla/5.0
216.212.206.243,2025-08-05 12:12:21,/admin,403,python-requests/2.25.1
183.176.146.149,2025-08-05 12:52:55,/search,500,Mozilla/5.0 (Linux; Android 10)
30.137.60.208,2025-08-05 12:06:52,/settings,200,Mozilla/5.0 (Linux; Android 10)
140.153.14.89,2025-08-05 12:42:36,/settings,200,curl/7.68.0
140.184.224.130,2025-08-05 12:55:06,/contact,404,nmap
104.112.115.70,2025-08-05 12:54:24,/search,500,Mozilla/5.0 (Linux; Android 10)
176.205.163.192,2025-08-05 12:36:33,/dashboard,403,curl/7.68.0
171.243.95.132,2025-08-05 12:37:30,/admin,200,curl/7.68.0
27.23.42.181,2025-08-05 12:53:28,/search,200,Go-http-client/1.1
161.109.225.175,2025-08-05 12:04:14,/admin,200,Go-http-client/1.1
157.37.107.221,2025-08-05 12:34:13,/search,200,Mozilla/5.0
148.7.80.177,2025-08-05 12:43:33,/login,200,python-requests/2.25.1
143.184.255.56,2025-08-05 12:30:26,/admin,200,nmap
130.2.67.90,2025-08-05 12:15:39,/contact,500,curl/7.68.0
141.176.111.221,2025-08-05 12:36:40,/search,200,nmap
52.86.91.201,2025-08-05 12:21:22,/home,404,Mozilla/5.0
44.24.123.101,2025-08-05 12:01:05,/settings,200,Mozilla/5.0
30.52.88.170,2025-08-05 12:04:26,/search,200,curl/7.68.0
24.67.141.208,2025-08-05 12:24:22,/contact,403,Mozilla/5.0 (Linux; Android 10)
165.55.182.98,2025-08-05 12:05:53,/dashboard,200,python-requests/2.25.1
169.215.125.238,2025-08-05 12:29:05,/contact,200,Mozilla/5.0 (Linux; Android 10)
192.71.163.217,2025-08-05 12:03:32,/login,200,python-requests/2.25.1
178.5.139.8,2025-08-05 12:10:42,/dashboard,200,curl/7.68.0
23.139.105.46,2025-08-05 12:17:48,/admin,200,Mozilla/5.0
211.98.37.131,2025-08-05 12:49:24,/admin,403,Mozilla/5.0 (Linux; Android 10)
148.167.250.44,2025-08-05 12:23:18,/home,200,python-requests/2.25.1
49.41.225.119,2025-08-05 12:53:07,/search,200,curl/7.68.0
89.83.162.53,2025-08-05 12:38:00,/profile,200,Go-http-client/1.1
13.81.183.176,2025-08-05 12:41:01,/admin,200,Mozilla/5.0
117.177.213.12,2025-08-05 12:18:32,/admin,200,python-requests/2.25.1
101.180.23.34,2025-08-05 12:38:14,/profile,403,python-requests/2.25.1
23.32.51.58,2025-08-05 12:46:59,/search,404,Go-http-client/1.1
81.22.86.121,2025-08-05 12:23:55,/contact,200,nmap
21.192.152.9,2025-08-05 12:55:21,/profile,200,Go-http-client/1.1
52.141.236.58,2025-08-05 12:38:32,/admin,404,python-requests/2.25.1
141.193.210.46,2025-08-05 12:18:58,/login,200,Mozilla/5.0
72.116.207.44,2025-08-05 12:58:38,/search,200,Go-http-client/1.1
197.91.146.252,2025-08-05 12:25:23,/search,403,Mozilla/5.0
72.207.176.126,2025-08-05 12:00:28,/profile,200,Go-http-client/1.1
159.26.188.184,2025-08-05 12:22:31,/dashboard,200,Go-http-client/1.1
194.90.161.220,2025-08-05 12:21:22,/profile,404,Mozilla/5.0
18.21.130.61,2025-08-05 12:59:46,/search,500,Go-http-client/1.1
12.195.1.94,2025-08-05 12:46:59,/search,200,python-requests/2.25.1
139.194.39.165,2025-08-05 12:30:46,/home,200,Mozilla/5.0 (Linux; Android 10)
212.224.93.52,2025-08-05 12:31:19,/profile,403,curl/7.68.0
71.191.33.119,2025-08-05 12:47:28,/search,404,nmap
119.51.35.214,2025-08-05 12:16:01,/contact,403,nmap
131.16.123.60,2025-08-05 12:10:35,/settings,200,Go-http-client/1.1
119.213.145.56,2025-08-05 12:48:54,/login,404,Go-http-client/1.1
192.156.66.21,2025-08-05 12:08:01,/admin,200,Mozilla/5.0
209.49.143.111,2025-08-05 12:27:42,/home,404,curl/7.68.0
39.237.111.151,2025-08-05 12:22:37,/search,500,python-requests/2.25.1
110.208.104.91,2025-08-05 12:40:31,/contact,404,Go-http-client/1.1
84.219.148.43,2025-08-05 12:17:23,/contact,404,Mozilla/5.0
137.122.199.179,2025-08-05 12:41:54,/dashboard,200,python-requests/2.25.1
46.11.83.61,2025-08-05 12:17:28,/search,200,Mozilla/5.0
151.212.95.191,2025-08-05 12:17:06,/login,404,curl/7.68.0
164.213.227.41,2025-08-05 12:57:17,/dashboard,403,curl/7.68.0
14.173.74.180,2025-08-05 12:34:43,/settings,200,Mozilla/5.0 (Linux; Android 10)
189.151.109.170,2025-08-05 12:54:55,/settings,200,python-requests/2.25.1
127.123.224.224,2025-08-05 12:43:09,/dashboard,404,Mozilla/5.0 (Linux; Android 10)
88.52.101.119,2025-08-05 12:35:34,/profile,200,python-requests/2.25.1
140.212.217.194,2025-08-05 12:46:30,/contact,404,Go-http-client/1.1
62.14.39.56,2025-08-05 12:48:40,/profile,200,Go-http-client/1.1
57.138.243.36,2025-08-05 12:34:52,/search,200,Mozilla/5.0 (Linux; Android 10)
147.33.231.101,2025-08-05 12:24:58,/profile,200,python-requests/2.25.1
49.27.253.172,2025-08-05 12:49:51,/contact,404,Mozilla/5.0 (Linux; Android 10)
163.120.255.80,2025-08-05 12:33:37,/search,200,curl/7.68.0
120.136.162.207,2025-08-05 12:44:31,/search,403,nmap
52.230.230.211,2025-08-05 12:12:20,/dashboard,200,curl/7.68.0
193.76.200.132,2025-08-05 12:24:21,/home,200,Go-http-client/1.1
56.112.187.133,2025-08-05 12:32:23,/home,200,python-requests/2.25.1
72.74.215.182,2025-08-05 12:08:30,/search,200,python-requests/2.25.1
32.192.52.217,2025-08-05 12:06:42,/dashboard,200,python-requests/2.25.1
44.28.12.19,2025-08-05 12:24:17,/admin,500,nmap
124.106.255.197,2025-08-05 12:44:01,/dashboard,200,python-requests/2.25.1
178.47.221.53,2025-08-05 12:47:21,/dashboard,500,Mozilla/5.0
221.2.121.160,2025-08-05 12:38:53,/search,200,Go-http-client/1.1
158.122.128.49,2025-08-05 12:13:23,/contact,200,curl/7.68.0
218.121.231.179,2025-08-05 12:07:56,/login,404,Go-http-client/1.1
16.188.237.53,2025-08-05 12:44:40,/dashboard,200,Go-http-client/1.1
57.102.18.229,2025-08-05 12:21:42,/admin,404,Mozilla/5.0
178.18.35.175,2025-08-05 12:55:13,/search,200,python-requests/2.25.1
100.60.16.155,2025-08-05 12:19:46,/dashboard,200,Go-http-client/1.1
94.98.134.174,2025-08-05 12:21:58,/settings,403,Go-http-client/1.1
217.129.219.8,2025-08-05 12:32:48,/home,200,python-requests/2.25.1
99.83.115.28,2025-08-05 12:54:01,/dashboard,200,Mozilla/5.0
26.177.48.214,2025-08-05 12:38:35,/search,403,curl/7.68.0
11.83.1.62,2025-08-05 12:02:32,/admin,200,Mozilla/5.0
106.59.129.112,2025-08-05 12:02:03,/home,403,Mozilla/5.0 (Linux; Android 10)
101.164.65.110,2025-08-05 12:00:59,/login,200,Mozilla/5.0 (Linux; Android 10)
117.119.41.212,2025-08-05 12:06:28,/search,200,Mozilla/5.0
71.73.25.73,2025-08-05 12:58:18,/profile,500,Go-http-client/1.1
132.68.153.183,2025-08-05 12:46:23,/admin,200,nmap
110.46.153.123,2025-08-05 12:14:40,/admin,200,curl/7.68.0
120.204.25.241,2025-08-05 12:23:53,/login,403,python-requests/2.25.1
16.46.187.236,2025-08-05 12:22:38,/search,200,Mozilla/5.0
56.78.35.170,2025-08-05 12:25:33,/admin,403,Mozilla/5.0 (Linux; Android 10)
39.204.160.38,2025-08-05 12:19:27,/settings,200,Mozilla/5.0 (Linux; Android 10)
161.192.12.49,2025-08-05 12:55:39,/contact,200,nmap
82.160.142.200,2025-08-05 12:51:13,/home,200,python-requests/2.25.1
205.95.65.133,2025-08-05 12:50:42,/admin,404,Mozilla/5.0
146.217.123.41,2025-08-05 12:37:05,/home,200,nmap
86.67.233.62,2025-08-05 12:27:26,/home,404,nmap
154.105.99.164,2025-08-05 12:10:32,/search,200,Mozilla/5.0 (Linux; Android 10)
97.206.0.167,2025-08-05 12:45:59,/home,200,python-requests/2.25.1
23.151.19.162,2025-08-05 12:25:06,/search,500,nmap
76.68.154.129,2025-08-05 12:07:05,/admin,200,curl/7.68.0
40.46.194.29,2025-08-05 12:47:40,/home,403,Mozilla/5.0 (Linux; Android 10)
112.61.188.30,2025-08-05 12:31:41,/profile,200,nmap
23.55.240.5,2025-08-05 12:45:01,/settings,404,Mozilla/5.0
111.87.195.233,2025-08-05 12:32:15,/admin,200,Go-http-client/1.1
48.92.11.13,2025-08-05 12:05:55,/profile,500,nmap
187.49.184.248,2025-08-05 12:05:03,/search,500,Mozilla/5.0 (Linux; Android 10)
184.179.128.2,2025-08-05 12:18:42,/admin,500,Go-http-client/1.1
144.91.15.202,2025-08-05 12:21:34,/profile,404,curl/7.68.0
34.122.111.152,2025-08-05 12:29:09,/admin,200,Mozilla/5.0
35.164.84.104,2025-08-05 12:04:01,/login,200,python-requests/2.25.1
72.6.171.57,2025-08-05 12:08:22,/dashboard,200,Go-http-client/1.1
151.39.195.199,2025-08-05 12:08:17,/profile,200,Go-http-client/1.1
66.48.87.211,2025-08-05 12:01:46,/login,200,Mozilla/5.0 (Linux; Android 10)
22.215.154.38,2025-08-05 12:00:02,/home,403,python-requests/2.25.1
89.72.95.7,2025-08-05 12:08:29,/dashboard,200,Mozilla/5.0
93.182.36.219,2025-08-05 12:53:18,/contact,500,Mozilla/5.0 (Linux; Android 10)
66.71.246.166,2025-08-05 12:49:02,/home,200,python-requests/2.25.1
28.73.105.198,2025-08-05 12:55:11,/search,200,Mozilla/5.0
175.172.188.210,2025-08-05 12:34:04,/settings,200,Mozilla/5.0 (Linux; Android 10)
76.103.173.22,2025-08-05 12:17:31,/dashboard,403,nmap
218.86.114.12,2025-08-05 12:38:58,/contact,200,curl/7.68.0
173.61.25.107,2025-08-05 12:54:59,/search,404,nmap
89.90.10.23,2025-08-05 12:11:13,/profile,403,Mozilla/5.0
13.114.43.104,2025-08-05 12:11:02,/dashboard,200,curl/7.68.0
185.206.151.158,2025-08-05 12:31:20,/login,403,python-requests/2.25.1
27.113.227.192,2025-08-05 12:14:52,/home,404,Mozilla/5.0 (Linux; Android 10)
208.56.106.235,2025-08-05 12:24:01,/admin,403,python-requests/2.25.1
173.210.65.228,2025-08-05 12:57:21,/admin,404,python-requests/2.25.1
29.67.203.3,2025-08-05 12:31:30,/profile,200,python-requests/2.25.1
148.98.18.245,2025-08-05 12:51:14,/home,500,Mozilla/5.0 (Linux; Android 10)
202.2.16.95,2025-08-05 12:30:09,/search,200,nmap
171.72.98.159,2025-08-05 12:27:24,/dashboard,500,curl/7.68.0
142.206.101.79,2025-08-05 12:17:17,/settings,200,Go-http-client/1.1
86.62.113.216,2025-08-05 12:03:02,/login,500,Mozilla/5.0 (Linux; Android 10)
142.241.33.218,2025-08-05 12:51:01,/admin,500,Mozilla/5.0
32.54.99.43,2025-08-05 12:48:50,/admin,500,Mozilla/5.0
93.184.33.187,2025-08-05 12:10:34,/login,500,python-requests/2.25.1
67.124.109.58,2025-08-05 12:29:12,/login,403,curl/7.68.0
144.235.59.119,2025-08-05 12:47:00,/admin,200,python-requests/2.25.1
116.191.12.150,2025-08-05 12:38:49,/search,404,Mozilla/5.0
58.188.77.208,2025-08-05 12:01:44,/admin,500,python-requests/2.25.1
87.69.217.254,2025-08-05 12:17:21,/home,200,Mozilla/5.0
190.57.147.76,2025-08-05 12:30:51,/search,200,Mozilla/5.0 (Linux; Android 10)
178.52.236.211,2025-08-05 12:09:27,/contact,403,curl/7.68.0
204.120.200.33,2025-08-05 12:46:45,/settings,404,curl/7.68.0
120.247.231.144,2025-08-05 12:04:51,/search,200,Go-http-client/1.1
40.167.149.146,2025-08-05 12:50:57,/dashboard,500,curl/7.68.0
204.201.255.86,2025-08-05 12:15:11,/dashboard,404,Mozilla/5.0
206.82.90.204,2025-08-05 12:40:29,/dashboard,200,Mozilla/5.0 (Linux; Android 10)
219.123.180.172,2025-08-05 12:21:01,/contact,200,python-requests/2.25.1
134.191.40.183,2025-08-05 12:59:57,/settings,200,curl/7.68.0
186.196.161.25,2025-08-05 12:34:09,/profile,500,nmap
22.146.90.162,2025-08-05 12:12:17,/search,404,curl/7.68.0
91.139.63.174,2025-08-05 12:17:46,/home,500,curl/7.68.0
33.181.57.154,2025-08-05 12:16:31,/settings,403,python-requests/2.25.1
214.26.175.24,2025-08-05 12:38:44,/dashboard,200,Go-http-client/1.1
36.54.118.60,2025-08-05 12:19:34,/home,404,curl/7.68.0
42.247.215.63,2025-08-05 12:20:25,/profile,403,python-requests/2.25.1
20.111.28.202,2025-08-05 12:33:15,/contact,500,curl/7.68.0
221.226.72.81,2025-08-05 12:32:26,/home,200,python-requests/2.25.1
97.189.226.55,2025-08-05 12:36:07,/settings,404,Go-http-client/1.1
123.142.125.192,2025-08-05 12:08:15,/settings,500,Mozilla/5.0 (Linux; Android 10)
152.95.120.73,2025-08-05 12:39:44,/admin,200,Go-http-client/1.1
161.152.106.151,2025-08-05 12:41:00,/home,200,nmap
84.2.132.153,2025-08-05 12:48:21,/admin,200,curl/7.68.0
219.128.211.197,2025-08-05 12:39:06,/contact,200,nmap
110.64.58.41,2025-08-05 12:02:43,/contact,500,Mozilla/5.0
48.225.200.200,2025-08-05 12:31:39,/profile,404,nmap
106.39.44.20,2025-08-05 12:43:02,/search,404,nmap
129.50.228.100,2025-08-05 12:55:15,/profile,200,nmap
166.223.208.224,2025-08-05 12:18:13,/admin,404,Mozilla/5.0
132.88.87.160,2025-08-05 12:42:06,/dashboard,200,python-requests/2.25.1
183.250.131.116,2025-08-05 12:54:08,/dashboard,403,python-requests/2.25.1
117.190.206.94,2025-08-05 12:36:47,/settings,200,Mozilla/5.0
28.187.38.100,2025-08-05 12:43:46,/search,200,Go-http-client/1.1
95.9.37.68,2025-08-05 12:00:39,/login,403,python-requests/2.25.1
160.11.248.1,2025-08-05 12:09:16,/search,200,Mozilla/5.0
141.215.38.79,2025-08-05 12:57:04,/admin,404,python-requests/2.25.1
221.179.26.96,2025-08-05 12:57:55,/home,200,nmap
12.93.109.95,2025-08-05 12:16:38,/profile,403,python-requests/2.25.1
185.90.153.168,2025-08-05 12:55:52,/admin,200,python-requests/2.25.1
40.188.170.7,2025-08-05 12:14:34,/dashboard,200,nmap
207.180.212.242,2025-08-05 12:01:11,/search,500,nmap
195.50.181.170,2025-08-05 12:34:05,/contact,200,nmap
96.178.56.232,2025-08-05 12:05:29,/search,200,curl/7.68.0
191.171.220.131,2025-08-05 12:57:40,/home,200,python-requests/2.25.1
82.15.188.23,2025-08-05 12:52:56,/search,403,curl/7.68.0
125.225.33.109,2025-08-05 12:09:45,/settings,500,python-requests/2.25.1
62.242.115.158,2025-08-05 12:10:40,/login,200,python-requests/2.25.1
72.165.47.76,2025-08-05 12:51:10,/home,200,Go-http-client/1.1
221.239.154.121,2025-08-05 12:41:36,/search,200,nmap
59.71.242.247,2025-08-05 12:24:44,/settings,500,Mozilla/5.0
61.74.132.227,2025-08-05 12:37:58,/admin,403,python-requests/2.25.1
169.247.212.119,2025-08-05 12:09:33,/search,200,python-requests/2.25.1
190.154.158.195,2025-08-05 12:43:24,/login,200,Mozilla/5.0 (Linux; Android 10)
38.21.231.13,2025-08-05 12:17:36,/login,200,Mozilla/5.0 (Linux; Android 10)
106.162.198.60,2025-08-05 12:19:42,/search,403,Mozilla/5.0
201.129.71.182,2025-08-05 12:26:23,/contact,500,nmap
77.165.179.126,2025-08-05 12:43:23,/home,200,Mozilla/5.0 (Linux; Android 10)
14.173.136.147,2025-08-05 12:44:17,/contact,200,nmap
30.147.87.102,2025-08-05 12:48:22,/search,500,nmap
145.29.118.242,2025-08-05 12:11:55,/settings,200,Mozilla/5.0
165.150.66.75,2025-08-05 12:58:30,/settings,200,Mozilla/5.0 (Linux; Android 10)
192.59.143.79,2025-08-05 12:19:46,/dashboard,200,python-requests/2.25.1
42.161.120.176,2025-08-05 12:34:03,/login,200,Go-http-client/1.1
13.14.43.17,2025-08-05 12:09:15,/login,200,nmap
214.232.55.98,2025-08-05 12:19:55,/admin,403,curl/7.68.0
36.68.56.103,2025-08-05 12:33:30,/settings,403,python-requests/2.25.1
24.139.57.113,2025-08-05 12:00:24,/settings,404,curl/7.68.0
160.33.97.117,2025-08-05 12:03:09,/search,404,curl/7.68.0
216.31.62.86,2025-08-05 12:26:18,/admin,404,Mozilla/5.0
139.151.130.89,2025-08-05 12:33:40,/dashboard,200,nmap
94.129.164.101,2025-08-05 12:37:36,/profile,404,Go-http-client/1.1
208.198.66.108,2025-08-05 12:49:39,/profile,200,Mozilla/5.0
102.51.247.36,2025-08-05 12:35:43,/dashboard,200,python-requests/2.25.1
30.243.93.249,2025-08-05 12:30:46,/search,200,python-requests/2.25.1
48.2.173.111,2025-08-05 12:15:48,/settings,500,Mozilla/5.0
142.21.186.129,2025-08-05 12:33:35,/search,200,nmap
172.18.172.85,2025-08-05 12:45:58,/home,200,curl/7.68.0
22.243.227.187,2025-08-05 12:54:23,/dashboard,200,Mozilla/5.0 (Linux; Android 10)
190.30.255.148,2025-08-05 12:08:48,/login,200,nmap
128.244.4.191,2025-08-05 12:40:17,/home,403,Mozilla/5.0 (Linux; Android 10)
60.128.37.167,2025-08-05 12:04:55,/contact,200,Mozilla/5.0 (Linux; Android 10)
136.253.227.25,2025-08-05 12:38:19,/profile,200,python-requests/2.25.1
175.74.74.127,2025-08-05 12:53:26,/home,200,Mozilla/5.0 (Linux; Android 10)
156.61.253.121,2025-08-05 12:02:45,/admin,200,nmap
82.145.14.51,2025-08-05 12:28:59,/login,403,nmap
97.6.75.191,2025-08-05 12:05:42,/search,200,python-requests/2.25.1
221.41.249.242,2025-08-05 12:53:02,/admin,200,Mozilla/5.0
146.8.33.195,2025-08-05 12:51:33,/search,200,curl/7.68.0
77.135.207.46,2025-08-05 12:08:57,/admin,200,Go-http-client/1.1
196.65.81.67,2025-08-05 12:15:26,/dashboard,200,Go-http-client/1.1
180.31.15.1,2025-08-05 12:59:28,/settings,200,python-requests/2.25.1
60.231.67.209,2025-08-05 12:28:10,/contact,200,Mozilla/5.0 (Linux; Android 10)
22.135.34.199,2025-08-05 12:17:54,/search,200,Mozilla/5.0
45.92.113.6,2025-08-05 12:11:10,/profile,500,Mozilla/5.0 (Linux; Android 10)
139.25.108.205,2025-08-05 12:01:29,/login,200,curl/7.68.0
13.106.21.128,2025-08-05 12:50:05,/contact,200,Mozilla/5.0
148.202.16.92,2025-08-05 12:15:59,/search,403,curl/7.68.0
129.108.127.252,2025-08-05 12:10:53,/contact,404,Go-http-client/1.1
52.24.62.166,2025-08-05 12:38:18,/login,200,Go-http-client/1.1
28.22.35.215,2025-08-05 12:29:41,/settings,403,Mozilla/5.0
160.66.252.63,2025-08-05 12:09:04,/profile,200,curl/7.68.0
38.112.118.108,2025-08-05 12:20:03,/admin,200,python-requests/2.25.1
169.38.40.184,2025-08-05 12:46:27,/login,200,Mozilla/5.0 (Linux; Android 10)
141.224.31.214,2025-08-05 12:17:48,/search,500,Go-http-client/1.1
130.29.154.206,2025-08-05 12:27:19,/search,200,curl/7.68.0
137.251.190.63,2025-08-05 12:31:23,/settings,500,Mozilla/5.0
161.45.48.44,2025-08-05 12:43:10,/contact,200,Mozilla/5.0
103.204.132.220,2025-08-05 12:59:22,/profile,403,curl/7.68.0
74.231.103.201,2025-08-05 12:43:18,/contact,404,nmap
97.150.40.17,2025-08-05 12:11:43,/settings,500,Go-http-client/1.1
53.44.230.149,2025-08-05 12:46:31,/dashboard,200,nmap
32.64.232.117,2025-08-05 12:01:38,/home,200,nmap
217.230.12.169,2025-08-05 12:28:33,/login,500,curl/7.68.0
161.213.171.136,2025-08-05 12:04:24,/search,200,nmap
124.197.142.59,2025-08-05 12:21:20,/login,403,Mozilla/5.0 (Linux; Android 10)
174.157.4.250,2025-08-05 12:19:12,/home,403,python-requests/2.25.1
76.142.119.172,2025-08-05 12:01:08,/home,200,python-requests/2.25.1
41.27.203.130,2025-08-05 12:42:51,/dashboard,500,Mozilla/5.0 (Linux; Android 10)
93.211.51.180,2025-08-05 12:18:31,/search,200,python-requests/2.25.1
179.129.30.107,2025-08-05 12:50:15,/login,404,Go-http-client/1.1
200.91.37.164,2025-08-05 12:08:48,/profile,200,Mozilla/5.0
101.233.150.110,2025-08-05 12:31:34,/dashboard,200,nmap
141.236.133.40,2025-08-05 12:18:48,/profile,200,curl/7.68.0
71.44.16.109,2025-08-05 12:39:36,/login,200,Mozilla/5.0
22.252.61.60,2025-08-05 12:16:31,/home,403,curl/7.68.0
198.41.143.10,2025-08-05 12:02:55,/search,500,Mozilla/5.0
197.137.188.24,2025-08-05 12:21:39,/profile,500,python-requests/2.25.1
63.71.112.116,2025-08-05 12:53:20,/search,200,python-requests/2.25.1
219.163.103.223,2025-08-05 12:25:25,/settings,403,python-requests/2.25.1
129.199.197.77,2025-08-05 12:17:37,/profile,403,python-requests/2.25.1
45.160.214.170,2025-08-05 12:46:20,/dashboard,403,Go-http-client/1.1
210.52.41.32,2025-08-05 12:50:37,/login,403,python-requests/2.25.1
56.174.218.116,2025-08-05 12:16:48,/search,404,Mozilla/5.0 (Linux; Android 10)
109.233.86.83,2025-08-05 12:49:55,/admin,404,Mozilla/5.0 (Linux; Android 10)
216.159.72.184,2025-08-05 12:54:59,/dashboard,200,Mozilla/5.0
67.136.199.13,2025-08-05 12:34:01,/dashboard,500,Mozilla/5.0
199.151.167.130,2025-08-05 12:34:58,/settings,200,python-requests/2.25.1
195.95.240.154,2025-08-05 12:43:55,/search,200,nmap
46.160.13.158,2025-08-05 12:06:52,/login,500,Go-http-client/1.1
188.244.103.187,2025-08-05 12:58:35,/settings,200,python-requests/2.25.1
91.4.99.226,2025-08-05 12:33:55,/contact,200,nmap
25.184.93.180,2025-08-05 12:01:57,/settings,200,Mozilla/5.0 (Linux; Android 10)
216.135.34.175,2025-08-05 12:06:01,/profile,500,nmap
201.32.244.221,2025-08-05 12:32:57,/search,200,Go-http-client/1.1
178.95.0.55,2025-08-05 12:41:45,/admin,500,nmap
29.111.26.174,2025-08-05 12:08:46,/admin,200,python-requests/2.25.1
53.115.210.226,2025-08-05 12:14:16,/search,403,Mozilla/5.0
197.56.241.12,2025-08-05 12:03:20,/dashboard,404,Go-http-client/1.1
131.31.97.81,2025-08-05 12:13:18,/search,403,Go-http-client/1.1
13.118.47.174,2025-08-05 12:15:17,/login,404,python-requests/2.25.1
115.170.104.140,2025-08-05 12:25:00,/dashboard,200,python-requests/2.25.1
45.252.119.163,2025-08-05 12:44:21,/profile,500,python-requests/2.25.1
132.253.43.241,2025-08-05 12:36:44,/profile,200,Mozilla/5.0
33.244.169.131,2025-08-05 12:56:18,/admin,403,Go-http-client/1.1
205.175.123.171,2025-08-05 12:09:01,/dashboard,404,curl/7.68.0
204.101.95.138,2025-08-05 12:02:09,/contact,404,Go-http-client/1.1
35.252.191.142,2025-08-05 12:56:45,/home,200,curl/7.68.0
115.125.110.32,2025-08-05 12:58:08,/search,403,nmap
86.108.6.162,2025-08-05 12:48:03,/home,200,Go-http-client/1.1
43.150.37.17,2025-08-05 12:11:58,/contact,200,Go-http-client/1.1
193.223.94.89,2025-08-05 12:52:44,/profile,200,python-requests/2.25.1
22.38.145.94,2025-08-05 12:57:50,/home,200,python-requests/2.25.1
156.195.216.167,2025-08-05 12:06:51,/home,200,Go-http-client/1.1
87.125.202.249,2025-08-05 12:42:18,/login,200,curl/7.68.0
76.229.204.146,2025-08-05 12:31:39,/dashboard,500,python-requests/2.25.1
65.53.67.23,2025-08-05 12:06:17,/admin,403,Mozilla/5.0 (Linux; Android 10)
25.54.28.167,2025-08-05 12:13:04,/settings,200,nmap
177.166.237.96,2025-08-05 12:42:08,/admin,404,Mozilla/5.0
22.193.31.60,2025-08-05 12:22:43,/search,200,Mozilla/5.0
201.10.226.117,2025-08-05 12:06:57,/search,404,Mozilla/5.0
24.178.72.163,2025-08-05 12:13:05,/dashboard,403,nmap
214.174.0.68,2025-08-05 12:08:31,/dashboard,200,Mozilla/5.0
180.48.3.201,2025-08-05 12:03:27,/login,200,Mozilla/5.0
82.202.178.201,2025-08-05 12:05:52,/login,200,Mozilla/5.0 (Linux; Android 10)
78.173.165.116,2025-08-05 12:31:18,/dashboard,200,curl/7.68.0
42.184.96.38,2025-08-05 12:03:20,/login,200,Mozilla/5.0
140.38.68.194,2025-08-05 12:36:36,/search,200,Mozilla/5.0
35.126.42.33,2025-08-05 12:38:07,/contact,500,Mozilla/5.0
133.42.67.217,2025-08-05 12:24:15,/profile,403,Mozilla/5.0 (Linux; Android 10)
46.107.107.229,2025-08-05 12:50:29,/settings,500,curl/7.68.0
202.182.72.138,2025-08-05 12:24:31,/dashboard,403,Mozilla/5.0
146.229.79.172,2025-08-05 12:46:07,/home,403,Mozilla/5.0
194.83.118.83,2025-08-05 12:34:51,/login,404,Go-http-client/1.1
146.178.43.194,2025-08-05 12:53:18,/profile,200,python-requests/2.25.1
53.168.214.245,2025-08-05 12:39:07,/search,403,Go-http-client/1.1
35.166.191.189,2025-08-05 12:50:50,/home,500,Mozilla/5.0 (Linux; Android 10)
158.106.0.103,2025-08-05 12:25:36,/settings,200,Mozilla/5.0
167.70.93.155,2025-08-05 12:27:42,/contact,500,Mozilla/5.0
49.148.185.159,2025-08-05 12:00:19,/contact,403,Mozilla/5.0
174.193.38.130,2025-08-05 12:24:53,/dashboard,403,curl/7.68.0
147.107.224.245,2025-08-05 12:07:44,/dashboard,500,Mozilla/5.0 (Linux; Android 10)
84.245.222.210,2025-08-05 12:02:13,/profile,200,Mozilla/5.0 (Linux; Android 10)
23.22.3.244,2025-08-05 12:29:18,/profile,500,python-requests/2.25.1
99.237.180.50,2025-08-05 12:31:02,/contact,403,Mozilla/5.0
143.79.166.250,2025-08-05 12:08:31,/home,500,nmap
146.23.237.151,2025-08-05 12:27:12,/contact,200,python-requests/2.25.1
138.223.144.241,2025-08-05 12:45:16,/profile,404,Mozilla/5.0 (Linux; Android 10)
45.195.142.185,2025-08-05 12:55:06,/contact,404,Go-http-client/1.1
151.98.135.82,2025-08-05 12:13:01,/dashboard,403,Go-http-client/1.1
84.179.143.154,2025-08-05 12:27:36,/settings,200,python-requests/2.25.1
59.192.109.234,2025-08-05 12:06:51,/contact,200,Mozilla/5.0
152.74.177.106,2025-08-05 12:10:32,/profile,200,Mozilla/5.0 (Linux; Android 10)
160.76.217.203,2025-08-05 12:31:41,/contact,200,Mozilla/5.0 (Linux; Android 10)
78.20.201.119,2025-08-05 12:12:24,/home,200,nmap
53.187.190.10,2025-08-05 12:26:36,/dashboard,200,python-requests/2.25.1
14.187.140.69,2025-08-05 12:29:39,/search,200,nmap
130.67.126.37,2025-08-05 12:29:43,/home,500,Go-http-client/1.1
117.171.192.252,2025-08-05 12:40:42,/home,403,Mozilla/5.0
121.188.88.124,2025-08-05 12:08:44,/home,200,Go-http-client/1.1
50.139.118.183,2025-08-05 12:15:45,/contact,200,Go-http-client/1.1
131.36.122.14,2025-08-05 12:45:45,/profile,200,curl/7.68.0
147.154.124.191,2025-08-05 12:45:15,/login,200,curl/7.68.0
27.246.220.66,2025-08-05 12:56:50,/profile,500,python-requests/2.25.1
64.203.36.39,2025-08-05 12:33:39,/settings,404,nmap
205.206.134.203,2025-08-05 12:30:43,/search,403,Mozilla/5.0 (Linux; Android 10)
101.197.18.17,2025-08-05 12:30:06,/settings,404,python-requests/2.25.1
170.214.31.180,2025-08-05 12:48:07,/dashboard,200,Mozilla/5.0 (Linux; Android 10)
41.2.74.47,2025-08-05 12:20:02,/admin,200,nmap
111.142.30.71,2025-08-05 12:22:27,/settings,200,Go-http-client/1.1
92.243.63.221,2025-08-05 12:36:40,/contact,200,nmap
210.100.0.231,2025-08-05 12:33:09,/login,500,Mozilla/5.0
21.245.77.192,2025-08-05 12:58:02,/contact,200,python-requests/2.25.1
26.197.137.164,2025-08-05 12:28:06,/contact,403,python-requests/2.25.1
63.186.104.39,2025-08-05 12:19:27,/admin,200,curl/7.68.0
196.23.199.219,2025-08-05 12:52:19,/home,404,python-requests/2.25.1
198.55.184.122,2025-08-05 12:43:02,/admin,404,Mozilla/5.0 (Linux; Android 10)
88.251.122.145,2025-08-05 12:26:04,/home,200,curl/7.68.0
65.173.117.25,2025-08-05 12:15:36,/admin,200,Mozilla/5.0 (Linux; Android 10)
107.84.74.25,2025-08-05 12:32:31,/home,404,Mozilla/5.0 (Linux; Android 10)
14.50.2.77,2025-08-05 12:29:51,/settings,404,curl/7.68.0
18.30.102.235,2025-08-05 12:32:29,/settings,404,curl/7.68.0
103.30.157.142,2025-08-05 12:15:52,/login,200,nmap
125.219.73.82,2025-08-05 12:57:29,/login,200,curl/7.68.0
118.220.184.130,2025-08-05 12:49:50,/admin,200,Mozilla/5.0 (Linux; Android 10)
197.169.7.49,2025-08-05 12:44:56,/home,200,Mozilla/5.0 (Linux; Android 10)
114.50.21.113,2025-08-05 12:25:58,/profile,404,Mozilla/5.0 (Linux; Android 10)
74.177.60.255,2025-08-05 12:13:37,/dashboard,200,python-requests/2.25.1
219.184.188.181,2025-08-05 12:36:35,/contact,200,Mozilla/5.0 (Linux; Android 10)
209.210.9.117,2025-08-05 12:56:31,/contact,200,nmap
220.19.37.37,2025-08-05 12:44:59,/profile,200,curl/7.68.0
169.74.43.36,2025-08-05 12:57:51,/search,200,Mozilla/5.0 (Linux; Android 10)
55.11.22.181,2025-08-05 12:36:09,/settings,200,curl/7.68.0
171.169.62.63,2025-08-05 12:42:52,/search,500,Mozilla/5.0 (Linux; Android 10)
186.203.160.6,2025-08-05 12:06:19,/login,403,Go-http-client/1.1
53.161.27.248,2025-08-05 12:19:33,/admin,200,Go-http-client/1.1
176.107.31.184,2025-08-05 12:02:12,/settings,403,nmap
168.147.116.71,2025-08-05 12:20:09,/profile,404,Go-http-client/1.1
59.121.213.19,2025-08-05 12:24:41,/settings,403,curl/7.68.0
151.38.35.158,2025-08-05 12:33:11,/login,200,python-requests/2.25.1
209.152.25.107,2025-08-05 12:39:59,/home,200,Mozilla/5.0 (Linux; Android 10)
195.151.179.27,2025-08-05 12:51:38,/contact,200,Mozilla/5.0
96.42.128.160,2025-08-05 12:58:21,/login,403,Mozilla/5.0 (Linux; Android 10)
213.118.51.97,2025-08-05 12:01:27,/login,200,nmap
