ip_address,endpoint,user_agent,timestamp
101.197.18.17,/settings,python-requests/2.25.1,2025-08-05 12:30:06
102.197.5.173,/settings,python-requests/2.25.1,2025-08-05 12:56:57
103.30.157.142,/login,nmap,2025-08-05 12:15:52
104.70.217.100,/settings,nmap,2025-08-05 12:45:49
107.17.229.73,/settings,nmap,2025-08-05 12:01:36
110.46.153.123,/admin,curl/7.68.0,2025-08-05 12:14:40
111.142.30.71,/settings,Go-http-client/1.1,2025-08-05 12:22:27
111.87.195.233,/admin,Go-http-client/1.1,2025-08-05 12:32:15
116.65.188.36,/login,python-requests/2.25.1,2025-08-05 12:07:20
117.177.213.12,/admin,python-requests/2.25.1,2025-08-05 12:18:32
119.213.145.56,/login,Go-http-client/1.1,2025-08-05 12:48:54
120.204.25.241,/login,python-requests/2.25.1,2025-08-05 12:23:53
125.219.73.82,/login,curl/7.68.0,2025-08-05 12:57:29
125.225.33.109,/settings,python-requests/2.25.1,2025-08-05 12:09:45
127.44.137.185,/admin,Go-http-client/1.1,2025-08-05 12:31:49
13.118.47.174,/login,python-requests/2.25.1,2025-08-05 12:15:17
13.14.43.17,/login,nmap,2025-08-05 12:09:15
131.16.123.60,/settings,Go-http-client/1.1,2025-08-05 12:10:35
132.68.153.183,/admin,nmap,2025-08-05 12:46:23
134.191.40.183,/settings,curl/7.68.0,2025-08-05 12:59:57
139.25.108.205,/login,curl/7.68.0,2025-08-05 12:01:29
14.50.2.77,/settings,curl/7.68.0,2025-08-05 12:29:51
140.153.14.89,/settings,curl/7.68.0,2025-08-05 12:42:36
141.215.38.79,/admin,python-requests/2.25.1,2025-08-05 12:57:04
142.180.134.146,/admin,curl/7.68.0,2025-08-05 12:00:12
142.206.101.79,/settings,Go-http-client/1.1,2025-08-05 12:17:17
143.184.255.56,/admin,nmap,2025-08-05 12:30:26
144.235.59.119,/admin,python-requests/2.25.1,2025-08-05 12:47:00
147.154.124.191,/login,curl/7.68.0,2025-08-05 12:45:15
148.7.80.177,/login,python-requests/2.25.1,2025-08-05 12:43:33
150.85.160.108,/login,python-requests/2.25.1,2025-08-05 12:44:37
151.212.95.191,/login,curl/7.68.0,2025-08-05 12:17:06
151.38.35.158,/login,python-requests/2.25.1,2025-08-05 12:33:11
152.95.120.73,/admin,Go-http-client/1.1,2025-08-05 12:39:44
156.61.253.121,/admin,nmap,2025-08-05 12:02:45
161.109.225.175,/admin,Go-http-client/1.1,2025-08-05 12:04:14
170.130.138.144,/settings,python-requests/2.25.1,2025-08-05 12:27:44
170.208.230.51,/settings,python-requests/2.25.1,2025-08-05 12:08:48
171.243.95.132,/admin,curl/7.68.0,2025-08-05 12:37:30
173.210.65.228,/admin,python-requests/2.25.1,2025-08-05 12:57:21
176.107.31.184,/settings,nmap,2025-08-05 12:02:12
178.95.0.55,/admin,nmap,2025-08-05 12:41:45
179.129.30.107,/login,Go-http-client/1.1,2025-08-05 12:50:15
179.201.217.45,/login,nmap,2025-08-05 12:27:54
18.30.102.235,/settings,curl/7.68.0,2025-08-05 12:32:29
180.31.15.1,/settings,python-requests/2.25.1,2025-08-05 12:59:28
184.179.128.2,/admin,Go-http-client/1.1,2025-08-05 12:18:42
185.206.151.158,/login,python-requests/2.25.1,2025-08-05 12:31:20
185.90.153.168,/admin,python-requests/2.25.1,2025-08-05 12:55:52
186.203.160.6,/login,Go-http-client/1.1,2025-08-05 12:06:19
188.244.103.187,/settings,python-requests/2.25.1,2025-08-05 12:58:35
189.151.109.170,/settings,python-requests/2.25.1,2025-08-05 12:54:55
189.39.182.38,/login,python-requests/2.25.1,2025-08-05 12:10:38
190.30.255.148,/login,nmap,2025-08-05 12:08:48
192.71.163.217,/login,python-requests/2.25.1,2025-08-05 12:03:32
194.83.118.83,/login,Go-http-client/1.1,2025-08-05 12:34:51
199.151.167.130,/settings,python-requests/2.25.1,2025-08-05 12:34:58
204.120.200.33,/settings,curl/7.68.0,2025-08-05 12:46:45
205.255.150.144,/login,Go-http-client/1.1,2025-08-05 12:35:31
208.56.106.235,/admin,python-requests/2.25.1,2025-08-05 12:24:01
210.52.41.32,/login,python-requests/2.25.1,2025-08-05 12:50:37
213.118.51.97,/login,nmap,2025-08-05 12:01:27
214.232.55.98,/admin,curl/7.68.0,2025-08-05 12:19:55
216.212.206.243,/admin,python-requests/2.25.1,2025-08-05 12:12:21
217.230.12.169,/login,curl/7.68.0,2025-08-05 12:28:33
218.121.231.179,/login,Go-http-client/1.1,2025-08-05 12:07:56
219.163.103.223,/settings,python-requests/2.25.1,2025-08-05 12:25:25
24.139.57.113,/settings,curl/7.68.0,2025-08-05 12:00:24
25.54.28.167,/settings,nmap,2025-08-05 12:13:04
29.111.26.174,/admin,python-requests/2.25.1,2025-08-05 12:08:46
33.181.57.154,/settings,python-requests/2.25.1,2025-08-05 12:16:31
33.244.169.131,/admin,Go-http-client/1.1,2025-08-05 12:56:18
34.212.238.193,/login,Go-http-client/1.1,2025-08-05 12:42:28
35.164.84.104,/login,python-requests/2.25.1,2025-08-05 12:04:01
36.68.56.103,/settings,python-requests/2.25.1,2025-08-05 12:33:30
38.112.118.108,/admin,python-requests/2.25.1,2025-08-05 12:20:03
41.2.74.47,/admin,nmap,2025-08-05 12:20:02
42.161.120.176,/login,Go-http-client/1.1,2025-08-05 12:34:03
44.17.242.161,/admin,Go-http-client/1.1,2025-08-05 12:02:51
44.28.12.19,/admin,nmap,2025-08-05 12:24:17
46.107.107.229,/settings,curl/7.68.0,2025-08-05 12:50:29
46.160.13.158,/login,Go-http-client/1.1,2025-08-05 12:06:52
52.141.236.58,/admin,python-requests/2.25.1,2025-08-05 12:38:32
52.24.62.166,/login,Go-http-client/1.1,2025-08-05 12:38:18
53.140.115.98,/login,nmap,2025-08-05 12:47:50
53.161.27.248,/admin,Go-http-client/1.1,2025-08-05 12:19:33
54.170.129.160,/login,curl/7.68.0,2025-08-05 12:25:07
55.11.22.181,/settings,curl/7.68.0,2025-08-05 12:36:09
58.188.77.208,/admin,python-requests/2.25.1,2025-08-05 12:01:44
59.121.213.19,/settings,curl/7.68.0,2025-08-05 12:24:41
61.74.132.227,/admin,python-requests/2.25.1,2025-08-05 12:37:58
62.242.115.158,/login,python-requests/2.25.1,2025-08-05 12:10:40
63.186.104.39,/admin,curl/7.68.0,2025-08-05 12:19:27
64.203.36.39,/settings,nmap,2025-08-05 12:33:39
67.124.109.58,/login,curl/7.68.0,2025-08-05 12:29:12
69.35.101.182,/settings,Go-http-client/1.1,2025-08-05 12:23:12
72.57.255.210,/login,nmap,2025-08-05 12:23:43
76.68.154.129,/admin,curl/7.68.0,2025-08-05 12:07:05
77.135.207.46,/admin,Go-http-client/1.1,2025-08-05 12:08:57
82.145.14.51,/login,nmap,2025-08-05 12:28:59
83.98.79.122,/admin,nmap,2025-08-05 12:55:54
84.179.143.154,/settings,python-requests/2.25.1,2025-08-05 12:27:36
84.2.132.153,/admin,curl/7.68.0,2025-08-05 12:48:21
87.125.202.249,/login,curl/7.68.0,2025-08-05 12:42:18
93.184.33.187,/login,python-requests/2.25.1,2025-08-05 12:10:34
94.100.110.113,/admin,Go-http-client/1.1,2025-08-05 12:18:42
94.98.134.174,/settings,Go-http-client/1.1,2025-08-05 12:21:58
95.162.242.83,/settings,Go-http-client/1.1,2025-08-05 12:50:43
95.9.37.68,/login,python-requests/2.25.1,2025-08-05 12:00:39
96.168.122.197,/login,python-requests/2.25.1,2025-08-05 12:44:48
97.150.40.17,/settings,Go-http-client/1.1,2025-08-05 12:11:43
97.189.226.55,/settings,Go-http-client/1.1,2025-08-05 12:36:07
